{
  "hash": "65056727",
  "configHash": "0163e92f",
  "lockfileHash": "f531c353",
  "browserHash": "7a97fd5e",
  "optimized": {
    "@angular/common": {
      "src": "../../../../../../node_modules/@angular/common/fesm2022/common.mjs",
      "file": "@angular_common.js",
      "fileHash": "57136913",
      "needsInterop": false
    },
    "@angular/common/http": {
      "src": "../../../../../../node_modules/@angular/common/fesm2022/http.mjs",
      "file": "@angular_common_http.js",
      "fileHash": "e622b7ff",
      "needsInterop": false
    },
    "@angular/core": {
      "src": "../../../../../../node_modules/@angular/core/fesm2022/core.mjs",
      "file": "@angular_core.js",
      "fileHash": "6849bdfd",
      "needsInterop": false
    },
    "@angular/forms": {
      "src": "../../../../../../node_modules/@angular/forms/fesm2022/forms.mjs",
      "file": "@angular_forms.js",
      "fileHash": "8d24068c",
      "needsInterop": false
    },
    "@angular/platform-browser": {
      "src": "../../../../../../node_modules/@angular/platform-browser/fesm2022/platform-browser.mjs",
      "file": "@angular_platform-browser.js",
      "fileHash": "d6561340",
      "needsInterop": false
    },
    "@angular/router": {
      "src": "../../../../../../node_modules/@angular/router/fesm2022/router.mjs",
      "file": "@angular_router.js",
      "fileHash": "2ee292f1",
      "needsInterop": false
    },
    "zone.js": {
      "src": "../../../../../../node_modules/zone.js/fesm2015/zone.js",
      "file": "zone__js.js",
      "fileHash": "7ab1a416",
      "needsInterop": true
    }
  },
  "chunks": {
    "chunk-Q5T4DPLN": {
      "file": "chunk-Q5T4DPLN.js"
    },
    "chunk-QP2XPV74": {
      "file": "chunk-QP2XPV74.js"
    },
    "chunk-S5VXA64Q": {
      "file": "chunk-S5VXA64Q.js"
    },
    "chunk-CYIUJTKM": {
      "file": "chunk-CYIUJTKM.js"
    },
    "chunk-MIMBV3VA": {
      "file": "chunk-MIMBV3VA.js"
    },
    "chunk-WDMUDEB6": {
      "file": "chunk-WDMUDEB6.js"
    }
  }
}