{
  "plans": [
    {
      "planId": 1,
      "planName": "Care Life Plan",
      "description": "The Care Life Plan safeguards you from unforeseen circumstances by providing instant coverage with no waiting period. Emergency services such as immediate ambulance, specialist consultation and complete assistance are its major features.",
      "baseAmt": 2500,
      "validity": 15,
      "id": "b69d"
    },
    {
      "planId": 2,
      "planName": "Good Health Plan",
      "description": "The Good Health Plan is our best selling plan. Facilities like Air Ambulance and Buy Now and Pay Later options make it a stand out in the industry.",
      "baseAmt": 2500,
      "validity": 30,
      "id": "75fd"
    },
    {
      "planId": 3,
      "planName": "Family Health Plan",
      "description": "Covers entire family members with hospitalisation, maternity, and outpatient benefits. Ideal for families seeking comprehensive coverage.",
      "baseAmt": 8000,
      "validity": 365,
      "id": "c12a"
    },
    {
      "planId": 4,
      "planName": "Senior Citizen Care",
      "description": "Specially designed for seniors aged 60+, offering coverage for critical illnesses, regular health checkups, and home health services.",
      "baseAmt": 12000,
      "validity": 365,
      "id": "d45b"
    },
    {
      "planId": 5,
      "planName": "Accident Protection Plan",
      "description": "Provides financial protection against accidents, including accidental death, permanent disability, and medical expenses coverage.",
      "baseAmt": 5000,
      "validity": 180,
      "id": "e78c"
    }
  ],
  "bookings": [
    {
      "id": "1335",
      "name": "Harbajan Singh",
      "email": "harbajan@gmail.com",
      "city": "Punjab",
      "age": 45,
      "cardNumber": "675643234578",
      "planId": 5,
      "planName": "Accident Protection Plan",
      "premiumAmt": 5000,
      "paymentMode": "Card",
      "paymentFreq": "Yearly",
      "bookingDate": "2025-12-25T17:46:29.720Z"
    },
    {
      "id": "0c7f",
      "name": "Madhu",
      "email": "madhu@gmail.com",
      "city": "Coimbatore",
      "age": 56,
      "cardNumber": "786767675654",
      "planId": 5,
      "planName": "Accident Protection Plan",
      "premiumAmt": 5000,
      "paymentMode": "Card",
      "paymentFreq": "Yearly",
      "bookingDate": "2025-12-25T17:57:22.355Z"
    },
    {
      "id": "e2d3",
      "name": "Madhu",
      "email": "madhu@gmail.com",
      "city": "Coimbatore",
      "age": 56,
      "cardNumber": "786767675654",
      "planId": 2,
      "planName": "Good Health Plan",
      "premiumAmt": 2500,
      "paymentMode": "Card",
      "paymentFreq": "Yearly",
      "bookingDate": "2025-12-25T17:57:37.646Z"
    },
    {
      "id": "40c7",
      "name": "Madhu",
      "email": "madhu@gmail.com",
      "city": "Coimbatore",
      "age": 56,
      "cardNumber": "786767675654",
      "planId": 3,
      "planName": "Family Health Plan",
      "premiumAmt": 8000,
      "paymentMode": "Card",
      "paymentFreq": "Yearly",
      "bookingDate": "2025-12-25T18:00:17.879Z"
    },
    {
      "id": "4998",
      "name": "Deepa",
      "email": "deepa@gmail.comm",
      "city": "Mayiladuthurai",
      "age": 36,
      "cardNumber": "897654321345",
      "planId": 1,
      "planName": "Care Life Plan",
      "premiumAmt": 2500,
      "paymentMode": "UPI",
      "paymentFreq": "Quarterly",
      "bookingDate": "2025-12-25T19:17:01.316Z"
    },
    {
      "id": "bd30",
      "name": "Deepa",
      "email": "deepa@gmail.comm",
      "city": "Mayiladuthurai",
      "age": 37,
      "cardNumber": "786767675654",
      "planId": 4,
      "planName": "Senior Citizen Care",
      "premiumAmt": 12000,
      "paymentMode": "NetBanking",
      "paymentFreq": "Monthly",
      "bookingDate": "2025-12-25T19:17:41.576Z"
    },
    {
      "id": "5095",
      "name": "Guna",
      "email": "guna@gmail.com",
      "city": "Hyderabad",
      "age": 33,
      "cardNumber": "897654678765",
      "planId": 1,
      "planName": "Care Life Plan",
      "premiumAmt": 2500,
      "paymentMode": "NetBanking",
      "paymentFreq": "Quarterly",
      "bookingDate": "2025-12-25T19:31:52.699Z"
    },
    {
      "id": "c819",
      "name": "Guna",
      "email": "guna@gmail.com",
      "city": "Hyderabad",
      "age": 44,
      "cardNumber": "897654678765",
      "planId": 4,
      "planName": "Senior Citizen Care",
      "premiumAmt": 12000,
      "paymentMode": "Card",
      "paymentFreq": "Quarterly",
      "bookingDate": "2025-12-25T19:34:05.610Z"
    },
    {
      "id": "9dc6",
      "name": "Monica",
      "email": "monica@gmail.com",
      "city": "London",
      "age": 34,
      "cardNumber": "786543219876",
      "planId": 3,
      "planName": "Family Health Plan",
      "premiumAmt": 8000,
      "paymentMode": "NetBanking",
      "paymentFreq": "Yearly",
      "bookingDate": "2025-12-25T19:35:03.802Z"
    },
    {
      "id": "1a15",
      "name": "Pranay reddy",
      "email": "pranay@gmail.com",
      "city": "Mallapur",
      "age": 33,
      "cardNumber": "678965432123",
      "planId": 4,
      "planName": "Senior Citizen Care",
      "premiumAmt": 12000,
      "paymentMode": "Card",
      "paymentFreq": "Quarterly",
      "bookingDate": "2025-12-26T05:53:27.550Z"
    },
    {
      "id": "fff5",
      "name": "Pranay reddy",
      "email": "pranay@gmail.com",
      "city": "Mallapur",
      "age": 35,
      "cardNumber": "678965432123",
      "planId": 2,
      "planName": "Good Health Plan",
      "premiumAmt": 2500,
      "paymentMode": "Card",
      "paymentFreq": "Yearly",
      "bookingDate": "2025-12-26T05:54:32.084Z"
    },
    {
      "id": "2b53",
      "name": "Aasha",
      "email": "aasha@gmail.com",
      "city": "Chennai",
      "age": 34,
      "cardNumber": "678965432123",
      "planId": 1,
      "planName": "Care Life Plan",
      "premiumAmt": 2500,
      "paymentMode": "Card",
      "paymentFreq": "Quarterly",
      "bookingDate": "2025-12-26T11:51:21.542Z"
    }
  ]
}